first_name,last_name,company_name,title,revenue,industry,email,score,email_template
Alice,Johnson,TechWave,CEO,200000000,Technology,alice.johnson@techwave.com,13,"Subject: Empowering TechWave to scale

Hi Alice,

I hope you're doing well. I'm reaching out because, as CEO at TechWave, you play an essential role in driving growth.
At Caprae Capital, we've developed a lightweight tool that helps entrepreneurs streamline operations, uncover opportunities, and close more deals.
I’d love to schedule a quick call to discuss how we can support TechWave in reaching its next milestone.

Best regards,
Your Name
Caprae Capital"
Bob,Smith,HealthCorp,CFO,500000000,Healthcare,bob.smith@healthcorp.com,13,"Subject: Empowering HealthCorp to scale

Hi Bob,

I hope you're doing well. I'm reaching out because, as CFO at HealthCorp, you play an essential role in driving growth.
At Caprae Capital, we've developed a lightweight tool that helps entrepreneurs streamline operations, uncover opportunities, and close more deals.
I’d love to schedule a quick call to discuss how we can support HealthCorp in reaching its next milestone.

Best regards,
Your Name
Caprae Capital"
Charlie,Lee,IndustriWorks,VP Operations,75000000,Manufacturing,charlie.lee@industriworks.com,8,"Subject: Empowering IndustriWorks to scale

Hi Charlie,

I hope you're doing well. I'm reaching out because, as VP Operations at IndustriWorks, you play an essential role in driving growth.
At Caprae Capital, we've developed a lightweight tool that helps entrepreneurs streamline operations, uncover opportunities, and close more deals.
I’d love to schedule a quick call to discuss how we can support IndustriWorks in reaching its next milestone.

Best regards,
Your Name
Caprae Capital"
Dana,White,SoftSolutions,CTO,120000000,Software,dana.white@softsolutions.com,12,"Subject: Empowering SoftSolutions to scale

Hi Dana,

I hope you're doing well. I'm reaching out because, as CTO at SoftSolutions, you play an essential role in driving growth.
At Caprae Capital, we've developed a lightweight tool that helps entrepreneurs streamline operations, uncover opportunities, and close more deals.
I’d love to schedule a quick call to discuss how we can support SoftSolutions in reaching its next milestone.

Best regards,
Your Name
Caprae Capital"
Eli,Brown,BiotechLabs,Director of Finance,45000000,Biotech,eli.brown@biotechlabs.com,10,"Subject: Empowering BiotechLabs to scale

Hi Eli,

I hope you're doing well. I'm reaching out because, as Director of Finance at BiotechLabs, you play an essential role in driving growth.
At Caprae Capital, we've developed a lightweight tool that helps entrepreneurs streamline operations, uncover opportunities, and close more deals.
I’d love to schedule a quick call to discuss how we can support BiotechLabs in reaching its next milestone.

Best regards,
Your Name
Caprae Capital"
Fiona,Grey,GreenEnergy,Manager,8000000,Energy,fiona.grey@greenenergy.com,5,"Subject: Empowering GreenEnergy to scale

Hi Fiona,

I hope you're doing well. I'm reaching out because, as Manager at GreenEnergy, you play an essential role in driving growth.
At Caprae Capital, we've developed a lightweight tool that helps entrepreneurs streamline operations, uncover opportunities, and close more deals.
I’d love to schedule a quick call to discuss how we can support GreenEnergy in reaching its next milestone.

Best regards,
Your Name
Caprae Capital"
Hannah,Wong,HealthCorp,VP Sales,90000000,Healthcare,hannah.wong@healthcorp.com,9,"Subject: Empowering HealthCorp to scale

Hi Hannah,

I hope you're doing well. I'm reaching out because, as VP Sales at HealthCorp, you play an essential role in driving growth.
At Caprae Capital, we've developed a lightweight tool that helps entrepreneurs streamline operations, uncover opportunities, and close more deals.
I’d love to schedule a quick call to discuss how we can support HealthCorp in reaching its next milestone.

Best regards,
Your Name
Caprae Capital"
Ian,Miller,SoftSolutions,CFO,120000000,Software,ian.miller@softsolutions.com,13,"Subject: Empowering SoftSolutions to scale

Hi Ian,

I hope you're doing well. I'm reaching out because, as CFO at SoftSolutions, you play an essential role in driving growth.
At Caprae Capital, we've developed a lightweight tool that helps entrepreneurs streamline operations, uncover opportunities, and close more deals.
I’d love to schedule a quick call to discuss how we can support SoftSolutions in reaching its next milestone.

Best regards,
Your Name
Caprae Capital"
Jane,Rodriguez,BiotechLabs,CEO,45000000,Biotech,jane.rodriguez@biotechlabs.com,11,"Subject: Empowering BiotechLabs to scale

Hi Jane,

I hope you're doing well. I'm reaching out because, as CEO at BiotechLabs, you play an essential role in driving growth.
At Caprae Capital, we've developed a lightweight tool that helps entrepreneurs streamline operations, uncover opportunities, and close more deals.
I’d love to schedule a quick call to discuss how we can support BiotechLabs in reaching its next milestone.

Best regards,
Your Name
Caprae Capital"
Kyle,Davis,GreenEnergy,Director IT,8000000,Energy,kyle.davis@greenenergy.com,7,"Subject: Empowering GreenEnergy to scale

Hi Kyle,

I hope you're doing well. I'm reaching out because, as Director IT at GreenEnergy, you play an essential role in driving growth.
At Caprae Capital, we've developed a lightweight tool that helps entrepreneurs streamline operations, uncover opportunities, and close more deals.
I’d love to schedule a quick call to discuss how we can support GreenEnergy in reaching its next milestone.

Best regards,
Your Name
Caprae Capital"
Liam,Nguyen,TechWave,Manager,200000000,Technology,liam.nguyen@techwave.com,10,"Subject: Empowering TechWave to scale

Hi Liam,

I hope you're doing well. I'm reaching out because, as Manager at TechWave, you play an essential role in driving growth.
At Caprae Capital, we've developed a lightweight tool that helps entrepreneurs streamline operations, uncover opportunities, and close more deals.
I’d love to schedule a quick call to discuss how we can support TechWave in reaching its next milestone.

Best regards,
Your Name
Caprae Capital"
Mia,Patel,IndustriWorks,CFO,75000000,Manufacturing,mia.patel@industriworks.com,10,"Subject: Empowering IndustriWorks to scale

Hi Mia,

I hope you're doing well. I'm reaching out because, as CFO at IndustriWorks, you play an essential role in driving growth.
At Caprae Capital, we've developed a lightweight tool that helps entrepreneurs streamline operations, uncover opportunities, and close more deals.
I’d love to schedule a quick call to discuss how we can support IndustriWorks in reaching its next milestone.

Best regards,
Your Name
Caprae Capital"
Nina,Kim,HealthCorp,Director Marketing,500000000,Healthcare,nina.kim@healthcorp.com,12,"Subject: Empowering HealthCorp to scale

Hi Nina,

I hope you're doing well. I'm reaching out because, as Director Marketing at HealthCorp, you play an essential role in driving growth.
At Caprae Capital, we've developed a lightweight tool that helps entrepreneurs streamline operations, uncover opportunities, and close more deals.
I’d love to schedule a quick call to discuss how we can support HealthCorp in reaching its next milestone.

Best regards,
Your Name
Caprae Capital"
Oscar,Clark,SoftSolutions,VP Product,120000000,Software,oscar.clark@softsolutions.com,11,"Subject: Empowering SoftSolutions to scale

Hi Oscar,

I hope you're doing well. I'm reaching out because, as VP Product at SoftSolutions, you play an essential role in driving growth.
At Caprae Capital, we've developed a lightweight tool that helps entrepreneurs streamline operations, uncover opportunities, and close more deals.
I’d love to schedule a quick call to discuss how we can support SoftSolutions in reaching its next milestone.

Best regards,
Your Name
Caprae Capital"
